,gameId,playId,quarter,GameClock,down,yardsToGo,yardlineSide,yardlineNumber,offenseFormation,personnel.offense,defendersInTheBox,numberOfPassRushers,personnel.defense,HomeScoreBeforePlay,VisitorScoreBeforePlay,HomeScoreAfterPlay,VisitorScoreAfterPlay,isPenalty,PassLength,PassResult,YardsAfterCatch,PlayResult,playDescription,firstDown_Conversion
158,2017091004,4322,4,02:27:00,4,2,DET,30.0,SINGLEBACK,"1 RB, 0 TE, 4 WR",7.0,,"4 DL, 1 LB, 6 DB",35,17,35,17,False,,,,2,(2:27) (No Huddle) C.Palmer up the middle to DET 28 for 2 yards (J.Davis).,1.0
187,2017090700,653,1,09:34:00,4,1,KC,10.0,SINGLEBACK,"6 OL, 1 RB, 2 TE, 1 WR",9.0,,"3 DL, 4 LB, 4 DB",7,0,7,0,False,,,,0,"(9:34) N.Solder reported in as eligible.  M.Gillislee up the middle to KC 10 for no gain (A.Bailey, B.Logan).",0.0
307,2017090700,3874,4,12:29:00,4,1,KC,40.0,JUMBO,"6 OL, 2 RB, 2 TE, 0 WR",10.0,,"4 DL, 4 LB, 3 DB",27,28,27,28,False,,,,0,(12:29) N.Solder reported in as eligible.  M.Gillislee up the middle to KC 40 for no gain (F.Zombo; J.Houston).,0.0
449,2017091003,2796,3,02:03:00,4,2,PIT,42.0,SHOTGUN,"2 RB, 1 TE, 2 WR",5.0,4.0,"2 DL, 3 LB, 6 DB",10,21,10,21,False,2.0,C,4.0,6,(2:03) (Shotgun) D.Kizer pass short left to S.DeValve to PIT 36 for 6 yards (W.Gay).,1.0
478,2017091003,3545,4,03:40:00,4,2,PIT,3.0,EMPTY,"2 RB, 1 TE, 2 WR",5.0,4.0,"2 DL, 4 LB, 5 DB",10,21,16,21,True,3.0,C,0.0,3,"(3:40) (Shotgun) D.Kizer pass short left to C.Coleman for 3 yards, TOUCHDOWN. PIT-J.Wilcox was injured during the play.  PENALTY on PIT-J.Wilcox, Unnecessary Roughness, 15 yards, enforced between downs.",1.0
611,2017091002,3484,4,04:43:00,4,5,BAL,13.0,SHOTGUN,"1 RB, 1 TE, 3 WR",5.0,3.0,"2 DL, 4 LB, 5 DB",0,20,0,20,False,13.0,I,,0,(4:43) (Shotgun) A.Dalton pass incomplete short right [M.Judon]. {thrown away},0.0
733,2017091000,3084,3,02:06:00,4,1,BUF,1.0,SINGLEBACK,"1 RB, 1 TE, 3 WR",7.0,,"3 DL, 3 LB, 5 DB",14,6,14,12,False,,,,1,"(2:06) J.McCown up the middle for 1 yard, TOUCHDOWN.",1.0
915,2017091001,3734,4,00:46:00,4,3,ATL,42.0,SHOTGUN,"1 RB, 1 TE, 3 WR",5.0,4.0,"3 DL, 3 LB, 5 DB",17,23,17,23,False,12.0,C,2.0,14,(:46) (Shotgun) M.Glennon pass short middle to J.Bellamy to ATL 28 for 14 yards (D.Trufant).,1.0
922,2017091001,3984,4,00:08:00,4,5,ATL,5.0,SHOTGUN,"1 RB, 2 TE, 2 WR",8.0,4.0,"3 DL, 4 LB, 4 DB",17,23,17,23,False,,S,,-9,(:08) (Shotgun) M.Glennon sacked at ATL 14 for -9 yards (B.Reed).,0.0
955,2017091007,825,1,00:45:00,4,1,TEN,3.0,SINGLEBACK,"1 RB, 1 TE, 3 WR",7.0,,"2 DL, 4 LB, 5 DB",7,7,7,7,False,,,,1,(:45) M.Lynch right guard to TEN 2 for 1 yard (W.Woodyard).,1.0
1231,2017091008,4082,4,00:30:00,4,2,PHI,42.0,SHOTGUN,"1 RB, 1 TE, 3 WR",4.0,4.0,"4 DL, 2 LB, 5 DB",17,30,17,30,False,2.0,I,,0,(:30) (Shotgun) K.Cousins pass incomplete short right to J.Reed.,0.0
1299,2017091005,1724,2,02:14:00,4,1,HOU,1.0,JUMBO,"6 OL, 2 RB, 2 TE, 0 WR",10.0,,"4 DL, 4 LB, 3 DB",0,6,0,12,False,,,,1,"(2:14) L.Fournette up the middle for 1 yard, TOUCHDOWN.",1.0
1385,2017091005,4122,4,01:15:00,4,5,HOU,16.0,SHOTGUN,"2 RB, 0 TE, 3 WR",6.0,6.0,"3 DL, 3 LB, 5 DB",7,29,7,29,False,,S,,-2,(1:15) (Shotgun) D.Watson sacked at HST 14 for -2 yards (sack split by C.Campbell and L.McCray).,0.0
1603,2017091009,1756,2,03:14:00,4,7,LA,40.0,SHOTGUN,"1 RB, 1 TE, 3 WR",5.0,5.0,"3 DL, 3 LB, 5 DB",24,3,24,3,False,14.0,I,,0,(3:14) (Shotgun) S.Tolzien pass incomplete short middle to J.Doyle.,0.0
1735,2017091011,1499,2,06:32:00,4,4,CAR,44.0,SHOTGUN,"1 RB, 1 TE, 3 WR",6.0,5.0,"3 DL, 3 LB, 5 DB",0,7,0,7,False,,S,,-8,(6:32) (Shotgun) B.Hoyer sacked at SF 48 for -8 yards (T.Davis).,0.0
1750,2017091011,1893,2,00:46:00,4,1,CAR,45.0,I_FORM,"2 RB, 1 TE, 2 WR",6.0,,"3 DL, 3 LB, 5 DB",0,10,0,10,False,,,,0,(:46) K.Juszczyk up the middle to CAR 45 for no gain (S.Lotulelei; W.Horton).,0.0
1789,2017091011,2882,3,01:19:00,4,3,SF,48.0,SHOTGUN,"1 RB, 1 TE, 3 WR",7.0,6.0,"3 DL, 3 LB, 5 DB",0,23,0,23,True,6.0,C,16.0,22,"(1:19) (Shotgun) B.Hoyer pass short left to P.Garcon to CAR 30 for 22 yards (L.Kuechly). Penalty on CAR-D.Worley, Defensive Holding, declined. Caught at CAR 46.  16-yds YAC",1.0
1807,2017091011,3493,4,08:54:00,4,1,CAR,1.0,EMPTY,"1 RB, 1 TE, 3 WR",6.0,,"4 DL, 2 LB, 5 DB",3,23,3,23,False,,,,0,(8:54) C.Hyde right end to CAR 1 for no gain (T.Davis).,0.0
1966,2017091012,3823,4,00:32:00,4,5,NYG,45.0,SHOTGUN,"1 RB, 1 TE, 3 WR",4.0,4.0,"4 DL, 1 LB, 6 DB",19,3,19,3,False,-4.0,C,10.0,6,(:32) (Shotgun) E.Manning pass short right to S.Vereen to DAL 49 for 6 yards (J.Heath).,1.0
2193,2017091701,1953,3,12:39:00,4,1,CAR,44.0,I_FORM,"2 RB, 1 TE, 2 WR",8.0,,"4 DL, 3 LB, 4 DB",6,0,6,0,False,,,,-1,(12:39) L.McCoy left end to CAR 45 for -1 yards (T.Davis).,0.0
2257,2017091701,3630,4,00:14:00,4,11,CAR,33.0,EMPTY,"1 RB, 1 TE, 3 WR",4.0,4.0,"4 DL, 2 LB, 5 DB",9,3,9,3,False,31.0,I,,0,(:14) (Shotgun) T.Taylor pass incomplete deep right to Z.Jones.,0.0
2489,2017091705,2059,2,02:27:00,4,3,NE,25.0,EMPTY,"1 RB, 1 TE, 3 WR",5.0,5.0,"4 DL, 1 LB, 6 DB",13,27,13,27,False,25.0,I,,0,(2:27) (Shotgun) D.Brees pass incomplete deep right to T.Ginn.,0.0
2554,2017091705,3932,4,07:19:00,4,1,NE,42.0,SINGLEBACK,"1 RB, 2 TE, 2 WR",7.0,,"4 DL, 3 LB, 4 DB",13,36,13,36,False,,,,2,(7:19) A.Peterson left end pushed ob at NE 40 for 2 yards (E.Roberts).,1.0
2616,2017091702,989,2,13:05:00,4,1,IND,1.0,I_FORM,"1 RB, 1 TE, 3 WR",8.0,4.0,"2 DL, 4 LB, 5 DB",10,0,10,0,False,1.0,I,,0,(13:05) (Pass formation) C.Palmer pass incomplete short right to L.Fitzgerald.,0.0
2854,2017092408,3170,4,13:32:00,4,10,NYJ,21.0,SHOTGUN,"1 RB, 1 TE, 3 WR",6.0,4.0,"3 DL, 3 LB, 5 DB",20,0,20,0,False,21.0,I,,0,(13:32) (Shotgun) J.Cutler pass incomplete deep right to J.Landry (M.Claiborne).,0.0
2865,2017092408,3462,4,07:41:00,4,6,NYJ,42.0,SHOTGUN,"1 RB, 1 TE, 3 WR",6.0,6.0,"2 DL, 4 LB, 5 DB",20,0,20,0,False,3.0,C,1.0,4,(7:41) (Shotgun) J.Cutler pass short middle to D.Parker to NYJ 38 for 4 yards (J.Stanford).,0.0
3165,2017091707,3249,4,09:32:00,4,10,TB,14.0,EMPTY,"1 RB, 1 TE, 3 WR",5.0,4.0,"4 DL, 2 LB, 5 DB",29,0,29,0,False,4.0,I,,0,(9:32) (Shotgun) M.Glennon pass incomplete short middle to Z.Miller [G.McCoy].,0.0
3176,2017091707,3498,4,05:42:00,4,3,TB,7.0,SHOTGUN,"1 RB, 1 TE, 3 WR",6.0,7.0,"4 DL, 2 LB, 5 DB",29,0,29,0,False,7.0,I,,0,(5:42) (Shotgun) M.Glennon pass incomplete short right to Z.Miller (C.Conte).,0.0
3265,2017091708,1935,2,00:02:00,4,6,MIA,48.0,SHOTGUN,"1 RB, 3 TE, 1 WR",5.0,2.0,"3 DL, 2 LB, 5 DB, 1 WR",10,3,10,3,False,42.0,I,,0,(:02) (Shotgun) J.Cutler pass incomplete deep right to K.Stills.,0.0
3496,2017091700,4164,4,01:35:00,4,11,BAL,38.0,SHOTGUN,"1 RB, 1 TE, 3 WR",6.0,4.0,"1 DL, 4 LB, 6 DB",24,10,24,10,False,8.0,C,4.0,12,(1:35) (Shotgun) D.Kizer pass short middle to S.DeValve to BLT 26 for 12 yards (C.Mosley).,1.0
3500,2017091700,4262,4,00:32:00,4,7,BAL,23.0,SHOTGUN,"1 RB, 1 TE, 3 WR",6.0,5.0,"1 DL, 4 LB, 6 DB",24,10,24,10,False,9.0,I,,0,(:32) (Shotgun) D.Kizer pass incomplete short middle to S.Coates [T.Williams].,0.0
3612,2017091101,2730,4,12:02:00,4,1,DEN,48.0,I_FORM,"6 OL, 2 RB, 1 TE, 1 WR",9.0,,"3 DL, 4 LB, 4 DB",24,7,24,7,False,,,,-2,(12:02) C.Hairston reported in as eligible.  M.Gordon up the middle to 50 for -2 yards (T.Davis).,0.0
3646,2017091101,3656,4,00:42:00,4,1,LAC,47.0,SHOTGUN,"1 RB, 1 TE, 3 WR",5.0,,"2 DL, 3 LB, 6 DB",24,21,24,21,False,,,,2,(:42) (Shotgun) M.Gordon up the middle to LAC 49 for 2 yards (V.Miller).,1.0
3912,2017091713,2985,3,01:25:00,4,5,GB,46.0,EMPTY,"1 RB, 1 TE, 3 WR",5.0,5.0,"4 DL, 2 LB, 5 DB",34,10,34,10,False,4.0,C,3.0,7,(1:25) (Shotgun) A.Rodgers pass short middle to D.Adams to ATL 47 for 7 yards (R.Allen).,1.0
3918,2017091713,3162,4,12:50:00,4,7,ATL,33.0,SHOTGUN,"1 RB, 1 TE, 3 WR",6.0,4.0,"4 DL, 2 LB, 5 DB",34,10,34,16,False,33.0,C,0.0,33,"(12:50) (Shotgun) A.Rodgers pass deep left to D.Adams for 33 yards, TOUCHDOWN.",1.0
3950,2017091713,4043,4,00:48:00,4,10,GB,12.0,SHOTGUN,"1 RB, 1 TE, 3 WR",5.0,4.0,"4 DL, 2 LB, 5 DB",34,23,34,23,False,11.0,C,7.0,18,(:48) (Shotgun) A.Rodgers pass short middle to M.Bennett to GB 30 for 18 yards (D.Campbell).,1.0
4292,2017092400,969,2,14:21:00,4,1,BAL,39.0,I_FORM,"2 RB, 2 TE, 1 WR",9.0,,"3 DL, 4 LB, 4 DB",10,0,10,0,False,,,,6,(14:21) L.Fournette right end to BLT 33 for 6 yards (J.Smith). BLT-B.Urban was injured during the play. His return is Questionable.,1.0
4386,2017092400,3660,4,09:45:00,4,8,JAX,40.0,EMPTY,"1 RB, 1 TE, 3 WR",7.0,5.0,"4 DL, 2 LB, 5 DB",44,0,44,0,False,3.0,C,0.0,3,(9:45) (Shotgun) R.Mallett pass short right to J.Allen to JAX 37 for 3 yards (T.Smith).,0.0
4417,2017091712,302,1,10:53:00,4,1,SF,41.0,SHOTGUN,"1 RB, 1 TE, 3 WR",6.0,,"4 DL, 2 LB, 5 DB",0,0,0,0,False,,,,9,(10:53) (Shotgun) R.Wilson left end ran ob at SF 32 for 9 yards (J.Tartt).,1.0
4654,2017091400,2438,3,08:15:00,4,2,HOU,19.0,I_FORM,"1 RB, 3 TE, 1 WR",9.0,,"3 DL, 5 LB, 3 DB",6,10,6,10,False,,,,3,(8:15) J.Hill right guard to HST 16 for 3 yards (C.Moore).,1.0
4711,2017091400,3967,4,01:13:00,4,9,CIN,44.0,SHOTGUN,"1 RB, 1 TE, 3 WR",6.0,4.0,"1 DL, 4 LB, 6 DB",9,13,9,13,False,21.0,I,,0,(1:13) (Shotgun) A.Dalton pass incomplete deep left to A.Erickson.,0.0
4865,2017091706,4248,4,02:21:00,4,15,MIN,30.0,SHOTGUN,"1 RB, 1 TE, 3 WR",4.0,4.0,"2 DL, 3 LB, 6 DB",23,9,23,9,False,25.0,I,,0,"(2:21) (Shotgun) C.Keenum pass incomplete deep left to S.Diggs. Coverage by 25-Burns. Minnesota challenged the incomplete pass ruling, and the play was Upheld. The ruling on the field stands. (Timeout #1 at 02:13.)",0.0
4874,2017091706,4537,4,01:00:00,4,7,MIN,28.0,SHOTGUN,"1 RB, 1 TE, 3 WR",4.0,4.0,"2 DL, 3 LB, 6 DB",26,9,26,9,False,6.0,C,0.0,11,"(1:00) (No Huddle, Shotgun) C.Keenum pass short middle to A.Thielen to MIN 34 for 6 yards (W.Gay). FUMBLES (W.Gay), RECOVERED by PIT-A.Burns at MIN 39. A.Burns to MIN 39 for no gain (L.Treadwell).",1.0
4992,2017091710,3017,3,04:02:00,4,4,DAL,43.0,SHOTGUN,"1 RB, 1 TE, 3 WR",6.0,6.0,"1 DL, 4 LB, 6 DB",35,10,35,10,False,7.0,C,2.0,9,(4:02) (Shotgun) D.Prescott pass short middle to D.Bryant to DEN 48 for 9 yards (C.Harris).,1.0
4996,2017091710,3112,3,02:14:00,4,4,DEN,42.0,SHOTGUN,"1 RB, 1 TE, 3 WR",7.0,5.0,"2 DL, 3 LB, 6 DB",35,10,35,10,False,4.0,I,,0,(2:14) (Shotgun) D.Prescott pass incomplete short right to J.Witten [V.Miller].,0.0
5001,2017091710,3227,3,00:42:00,4,1,DEN,30.0,SHOTGUN,"1 RB, 1 TE, 3 WR",7.0,,"2 DL, 3 LB, 6 DB",35,10,35,10,False,,,,5,"(:42) (No Huddle, Shotgun) E.Elliott up the middle to DEN 25 for 5 yards (K.Edebali; J.Simmons).",1.0
5028,2017091710,3999,4,03:51:00,4,3,DEN,7.0,EMPTY,"1 RB, 1 TE, 3 WR",7.0,6.0,"2 DL, 3 LB, 6 DB",35,17,35,17,False,7.0,I,,0,(3:51) (Shotgun) D.Prescott pass incomplete short left to D.Bryant (B.Roby).,0.0
5041,2017091710,4414,4,01:12:00,4,6,DEN,6.0,SHOTGUN,"1 RB, 1 TE, 3 WR",7.0,7.0,"2 DL, 3 LB, 6 DB",35,17,41,17,False,6.0,IN,,0,"(1:12) (Shotgun) D.Prescott pass short right intended for D.Bryant INTERCEPTED by A.Talib at DEN -3. A.Talib for 103 yards, TOUCHDOWN.",0.0
5155,2017091800,2937,4,10:08:00,4,3,NYG,48.0,SHOTGUN,"1 RB, 1 TE, 3 WR",5.0,3.0,"4 DL, 2 LB, 5 DB",10,24,10,24,False,2.0,C,0.0,2,"(10:08) (Shotgun) E.Manning pass short left to S.Vereen to DET 49 for 3 yards (Q.Diggs). Detroit challenged the short of the line to gain ruling, and the play was REVERSED. (Shotgun) E.Manning pass short left to S.Vereen to 50 for 2 yards (Q.Diggs).",0.0
5171,2017091800,3319,4,04:34:00,4,10,DET,29.0,SHOTGUN,"1 RB, 1 TE, 3 WR",6.0,3.0,"3 DL, 2 LB, 6 DB",10,24,10,24,False,8.0,I,,0,"(4:34) (No Huddle, Shotgun) E.Manning pass incomplete short right to O.Beckham.",0.0
5180,2017091800,3577,4,00:32:00,4,10,NYG,24.0,SINGLEBACK,"1 RB, 3 TE, 1 WR",8.0,,"4 DL, 3 LB, 4 DB",10,24,10,24,False,,,,0,(:32) T.Riddick right tackle to NYG 24 for no gain (D.Tomlinson).,0.0
5287,2017092100,2898,3,05:44:00,4,1,LA,1.0,I_FORM,"2 RB, 3 TE, 0 WR",10.0,,"3 DL, 5 LB, 3 DB",13,27,19,27,False,,,,1,"(5:44) C.Hyde up the middle for 1 yard, TOUCHDOWN.",1.0
5340,2017092100,4401,4,02:17:00,4,1,LA,1.0,SHOTGUN,"1 RB, 1 TE, 3 WR",8.0,,"2 DL, 4 LB, 5 DB",33,41,39,41,False,,,,1,"(2:17) (Shotgun) C.Hyde right guard for 1 yard, TOUCHDOWN.",1.0
5346,2017092100,4605,4,01:50:00,4,20,SF,40.0,SHOTGUN,"1 RB, 1 TE, 3 WR",4.0,4.0,"2 DL, 4 LB, 5 DB",39,41,39,41,False,,S,,-8,(1:50) (Shotgun) B.Hoyer sacked at SF 32 for -8 yards (A.Donald).,0.0
5672,2017092401,4569,4,01:55:00,4,4,BUF,42.0,SHOTGUN,"1 RB, 1 TE, 3 WR",4.0,4.0,"3 DL, 3 LB, 5 DB",26,16,26,16,False,22.0,I,,0,"(1:55) (Shotgun) T.Siemian pass incomplete deep left to E.Sanders. Underthrown, receiver at BUF 20, crossing to middle.",0.0
5849,2017100104,752,1,01:44:00,4,1,LA,29.0,SINGLEBACK,"1 RB, 3 TE, 1 WR",8.0,,"3 DL, 5 LB, 3 DB",3,3,3,3,False,,,,4,(1:44) E.Elliott up the middle to LA 25 for 4 yards (M.Barron).,1.0
5986,2017100104,4341,4,00:36:00,4,10,LA,48.0,SHOTGUN,"1 RB, 1 TE, 3 WR",4.0,4.0,"2 DL, 4 LB, 5 DB",30,35,30,35,False,3.0,C,6.0,9,(:36) (Shotgun) D.Prescott pass short right to E.Elliott to LA 39 for 9 yards (J.Johnson).,0.0
6116,2017092413,3392,4,05:18:00,4,3,OAK,32.0,SHOTGUN,"1 RB, 1 TE, 3 WR",6.0,,"2 DL, 4 LB, 5 DB",27,10,27,10,False,,R,,6,(5:18) (Shotgun) D.Carr scrambles left guard to OAK 38 for 6 yards.,1.0
6120,2017092413,3543,4,03:25:00,4,23,OAK,25.0,SHOTGUN,"1 RB, 1 TE, 3 WR",5.0,4.0,"2 DL, 4 LB, 5 DB",27,10,27,10,False,9.0,C,0.0,12,"(3:25) (Shotgun) D.Carr pass short left to S.Roberts to OAK 34 for 9 yards (K.Fuller). FUMBLES (K.Fuller), RECOVERED by WAS-M.Spaight at OAK 37. M.Spaight pushed ob at OAK 37 for no gain (L.Smith).",0.0
6273,2017100102,3789,4,05:48:00,4,12,PIT,47.0,SHOTGUN,"1 RB, 1 TE, 3 WR",4.0,4.0,"2 DL, 3 LB, 6 DB",9,19,9,19,False,15.0,IN,,0,(5:48) (Shotgun) J.Flacco pass short middle intended for M.Campanaro INTERCEPTED by M.Hilton (R.Shazier) at PIT 32. M.Hilton to BLT 49 for 19 yards.,0.0
6297,2017100102,4418,4,00:10:00,4,3,PIT,4.0,SHOTGUN,"1 RB, 1 TE, 3 WR",5.0,3.0,"2 DL, 3 LB, 6 DB",9,26,9,26,False,4.0,I,,0,(:10) (Shotgun) J.Flacco pass incomplete short middle to C.Matthews (A.Burns).,0.0
6436,2017100106,3557,4,02:19:00,4,14,DET,14.0,EMPTY,"1 RB, 1 TE, 3 WR",3.0,3.0,"3 DL, 1 LB, 7 DB",7,14,7,14,True,14.0,I,,0,"(2:19) (Shotgun) C.Keenum pass incomplete short left to A.Thielen. Penalty on MIN-P.Elflein, Offensive Holding, declined.",0.0
6889,2017092410,3920,4,07:20:00,4,22,TEN,28.0,SHOTGUN,"1 RB, 1 TE, 3 WR",4.0,3.0,"1 DL, 5 LB, 5 DB",33,20,33,20,False,28.0,I,,0,(7:20) (Shotgun) R.Wilson pass incomplete deep right to J.Graham (L.Ryan) [J.Casey].,0.0
6899,2017092410,4171,4,03:20:00,4,6,TEN,46.0,EMPTY,"1 RB, 1 TE, 3 WR",3.0,4.0,"1 DL, 5 LB, 5 DB",33,20,33,20,False,7.0,C,7.0,14,(3:20) (Shotgun) R.Wilson pass short right to T.Lockett to TEN 32 for 14 yards (A.Jackson) [D.Morgan].,1.0
7037,2017100107,3181,4,09:59:00,4,3,CAR,38.0,SHOTGUN,"1 RB, 1 TE, 3 WR",6.0,4.0,"4 DL, 2 LB, 5 DB",16,30,16,30,False,7.0,C,6.0,13,(9:59) (Shotgun) T.Brady pass short right to R.Gronkowski to CAR 25 for 13 yards (S.Thompson).,1.0
7055,2017100107,3614,4,03:14:00,4,1,CAR,1.0,SHOTGUN,"1 RB, 1 TE, 3 WR",7.0,4.0,"4 DL, 2 LB, 5 DB",23,30,29,30,False,1.0,C,0.0,1,"(3:14) (Shotgun) T.Brady pass short middle to D.Amendola for 1 yard, TOUCHDOWN.",1.0
7247,2017092409,865,1,00:56:00,4,1,PHI,47.0,SINGLEBACK,"1 RB, 1 TE, 3 WR",7.0,,"4 DL, 2 LB, 5 DB",0,0,0,0,False,,,,2,(:56) C.Wentz up the middle to PHI 49 for 2 yards (D.Tomlinson).,1.0
7275,2017092409,1627,2,02:36:00,4,8,NYG,43.0,SHOTGUN,"1 RB, 1 TE, 3 WR",6.0,4.0,"3 DL, 3 LB, 5 DB",7,0,7,0,False,,S,,-6,(2:36) (Shotgun) C.Wentz sacked at NYG 49 for -6 yards (D.Kennard).,0.0
7285,2017092409,2034,2,00:24:00,4,1,PHI,1.0,SINGLEBACK,"1 RB, 2 TE, 2 WR",9.0,,"4 DL, 3 LB, 4 DB",7,0,7,0,False,,,,-1,(:24) O.Darkwa up the middle to PHI 2 for -1 yards (J.Walker; V.Curry).,0.0
7305,2017092409,2525,3,06:37:00,4,1,NYG,45.0,EMPTY,"1 RB, 1 TE, 3 WR",7.0,,"3 DL, 3 LB, 5 DB",7,0,7,0,False,,,,1,(6:37) (No Huddle) C.Wentz up the middle to NYG 44 for 1 yard.,1.0
7321,2017092409,2953,3,01:22:00,4,2,PHI,13.0,EMPTY,"1 RB, 1 TE, 3 WR",6.0,4.0,"4 DL, 2 LB, 5 DB",14,0,14,0,False,3.0,I,,0,(1:22) (Shotgun) E.Manning pass incomplete short middle to S.Shepard (P.Robinson) [T.Jernigan].,0.0
7620,2017100100,2403,3,10:44:00,4,1,MIA,17.0,SINGLEBACK,"6 OL, 1 RB, 1 TE, 2 WR",8.0,,"4 DL, 3 LB, 4 DB",0,3,0,3,False,,,,1,(10:44) J.LeRibeus reported in as eligible.  D.Brees up the middle to MIA 16 for 1 yard (V.Taylor).,1.0
7675,2017100100,3949,4,02:47:00,4,4,MIA,41.0,SHOTGUN,"1 RB, 1 TE, 3 WR",6.0,4.0,"3 DL, 2 LB, 6 DB",0,20,0,20,False,4.0,I,,0,(2:47) (Shotgun) J.Cutler pass incomplete short left to K.Drake.,0.0
7679,2017100100,4061,4,01:17:00,4,1,MIA,32.0,SINGLEBACK,"6 OL, 1 RB, 2 TE, 1 WR",9.0,,"5 DL, 3 LB, 3 DB",0,20,0,20,False,,,,0,(1:17) M.Ingram right guard to MIA 32 for no gain (N.Suh).,0.0
7936,2017092800,2569,3,08:47:00,4,1,CHI,33.0,I_FORM,"1 RB, 1 TE, 3 WR",9.0,7.0,"4 DL, 4 LB, 3 DB",21,7,21,7,False,3.0,C,2.0,5,(8:47) A.Rodgers pass short right to J.Nelson pushed ob at CHI 28 for 5 yards (K.Fuller).,1.0
7969,2017092800,3451,4,07:34:00,4,7,GB,18.0,SHOTGUN,"1 RB, 1 TE, 3 WR",6.0,5.0,"1 DL, 4 LB, 6 DB",35,7,35,7,False,8.0,C,1.0,9,(7:34) (Shotgun) M.Glennon pass short right to D.Thompson to GB 9 for 9 yards (J.Hawkins).,1.0
7981,2017092800,3732,4,02:00:00,4,1,CHI,49.0,I_FORM,"2 RB, 1 TE, 2 WR",9.0,,"2 DL, 3 LB, 6 DB",35,14,35,14,False,,,,3,(2:00) Jo.Howard right guard to GB 48 for 3 yards (M.Burnett).,1.0
8130,2017100101,3805,4,02:53:00,4,4,ATL,31.0,SHOTGUN,"1 RB, 1 TE, 3 WR",6.0,4.0,"3 DL, 3 LB, 5 DB",17,23,17,23,False,8.0,C,0.0,8,(2:53) (Shotgun) M.Ryan pass short left to N.Williams to ATL 39 for 8 yards (S.Wright).,1.0
8138,2017100101,4077,4,00:49:00,4,1,BUF,10.0,I_FORM,"2 RB, 1 TE, 2 WR",7.0,5.0,"3 DL, 3 LB, 4 DB",17,23,17,23,False,5.0,I,,0,(:49) M.Ryan pass incomplete short right to T.Gabriel.,0.0
8290,2017092500,4285,4,00:40:00,4,2,DAL,2.0,EMPTY,"1 RB, 1 TE, 3 WR",5.0,4.0,"3 DL, 2 LB, 6 DB",17,28,17,28,False,2.0,I,,0,"(:40) (No Huddle, Shotgun) C.Palmer pass incomplete short middle to J.Gresham (B.Jones).",0.0
8566,2017100105,2242,3,09:25:00,4,1,TEN,27.0,SHOTGUN,"1 RB, 1 TE, 3 WR",7.0,4.0,"2 DL, 4 LB, 5 DB",30,14,30,14,False,4.0,C,0.0,4,(9:25) (Shotgun) D.Watson pass short left to D.Hopkins to TEN 23 for 4 yards (L.Sims).,1.0
8652,2017100109,728,1,03:33:00,4,1,ARI,38.0,SINGLEBACK,"1 RB, 2 TE, 2 WR",8.0,,"3 DL, 4 LB, 4 DB",0,0,0,0,False,,,,3,(3:33) B.Hoyer up the middle to ARZ 35 for 3 yards (F.Rucker).,1.0
8846,2017100111,699,1,03:51:00,4,4,TB,30.0,SHOTGUN,"1 RB, 1 TE, 3 WR",6.0,4.0,"4 DL, 2 LB, 5 DB",7,0,7,0,False,5.0,I,,0,"(3:51) (No Huddle, Shotgun) E.Manning pass incomplete short right to B.Marshall (R.McClain) [G.McCoy].",0.0
8956,2017100111,3404,4,10:23:00,4,2,NYG,35.0,SHOTGUN,"1 RB, 1 TE, 3 WR",6.0,4.0,"3 DL, 3 LB, 5 DB",16,17,16,17,False,5.0,I,,0,(10:23) (Shotgun) J.Winston pass incomplete short middle to C.Brate (L.Collins).,0.0
9091,2017100802,2788,3,03:18:00,4,1,DET,49.0,SINGLEBACK,"1 RB, 2 TE, 1 WR,1 LB",8.0,,"4 DL, 3 LB, 4 DB",10,27,10,27,False,,,,-4,(3:18) Z.Zenner left tackle to DET 45 for -4 yards (J.Peppers).,0.0
9284,2017100803,3893,4,02:47:00,4,1,IND,40.0,I_FORM,"2 RB, 2 TE, 1 WR",8.0,5.0,"3 DL, 4 LB, 4 DB",23,16,23,16,False,18.0,C,1.0,19,(2:47) (Run formation) B.Hoyer pass deep right to G.Kittle to IND 21 for 19 yards (V.Davis).,1.0
9290,2017100803,4104,4,00:24:00,4,5,IND,5.0,SHOTGUN,"1 RB, 1 TE, 3 WR",6.0,6.0,"2 DL, 4 LB, 5 DB",23,16,23,22,False,4.0,C,1.0,5,"(:24) (Shotgun) B.Hoyer pass short middle to G.Kittle for 5 yards, TOUCHDOWN.",1.0
9335,2017100801,585,1,04:25:00,4,1,NYJ,33.0,I_FORM,"2 RB, 1 TE, 2 WR",8.0,,"3 DL, 4 LB, 4 DB",0,0,0,0,False,,,,2,(4:25) D.Johnson left guard to NYJ 31 for 2 yards (L.Williams).,1.0
9426,2017100801,3125,4,13:03:00,4,2,NYJ,4.0,SINGLEBACK,"1 RB, 3 TE, 1 WR",9.0,,"3 DL, 4 LB, 4 DB",7,10,7,10,False,,,,1,(13:03) I.Crowell right guard to NYJ 3 for 1 yard (J.Jenkins).,0.0
9600,2017100809,3474,4,02:05:00,4,20,OAK,15.0,SHOTGUN,"1 RB, 1 TE, 3 WR",4.0,4.0,"1 DL, 4 LB, 6 DB",17,30,17,30,False,11.0,I,,0,(2:05) (Shotgun) E.Manuel pass incomplete short left to C.Patterson [W.Henry].,0.0
9652,2017100112,1271,2,09:05:00,4,1,DEN,31.0,SINGLEBACK,"1 RB, 3 TE, 1 WR",9.0,,"3 DL, 4 LB, 4 DB",10,0,10,0,False,,,,0,(9:05) M.Lynch up the middle to DEN 31 for no gain (W.Parks).,0.0
9677,2017100112,1959,2,00:04:00,4,3,OAK,18.0,EMPTY,"1 RB, 3 TE, 1 WR",7.0,4.0,"2 DL, 3 LB, 6 DB",10,7,10,7,False,27.0,I,,0,(:04) D.Carr pass incomplete deep right to A.Cooper.,0.0
9916,2017100805,4557,4,00:49:00,4,10,LAC,48.0,SHOTGUN,"1 RB, 3 TE, 1 WR",4.0,3.0,"4 DL, 1 LB, 6 DB",22,27,22,27,False,15.0,IN,,0,(:49) (Shotgun) E.Manning pass short middle intended for E.Engram INTERCEPTED by T.Boston (C.Liuget) at LAC 33. T.Boston to LAC 48 for 15 yards (S.Vereen).,0.0
10178,2017100811,2667,3,03:28:00,4,1,KC,9.0,SHOTGUN,"1 RB, 1 TE, 3 WR",8.0,5.0,"4 DL, 3 LB, 4 DB",7,23,13,23,False,4.0,C,5.0,9,"(3:28) (Shotgun) D.Watson pass short right to W.Fuller V for 9 yards, TOUCHDOWN.",1.0
10360,2017100103,3179,4,12:16:00,4,10,CIN,36.0,SHOTGUN,"1 RB, 1 TE, 3 WR",6.0,6.0,"3 DL, 3 LB, 5 DB",0,31,0,31,False,0.0,I,,0,(12:16) (Shotgun) D.Kizer pass incomplete short middle [C.Lawson].,0.0
10378,2017100103,3602,4,04:24:00,4,7,CIN,48.0,SHOTGUN,"1 RB, 1 TE, 3 WR",6.0,4.0,"3 DL, 3 LB, 5 DB",0,31,0,31,False,8.0,C,0.0,8,(4:24) (Shotgun) K.Hogan pass short right to R.Louis to CIN 40 for 8 yards (K.Russell).,1.0
10675,2017100806,2957,4,14:55:00,4,1,ARI,34.0,PISTOL,"1 RB, 1 TE, 3 WR",7.0,6.0,"4 DL, 2 LB, 5 DB",31,7,31,7,False,1.0,C,3.0,4,(14:55) (Shotgun) C.Palmer pass short left to L.Fitzgerald to ARZ 38 for 4 yards (M.Jenkins).,1.0
10679,2017100806,3074,4,12:39:00,4,2,ARI,46.0,SHOTGUN,"1 RB, 2 TE, 2 WR",7.0,4.0,"4 DL, 3 LB, 4 DB",31,7,31,7,False,14.0,C,0.0,14,(12:39) (Shotgun) C.Palmer pass short right to J.Gresham to PHI 40 for 14 yards (R.McLeod).,1.0
10683,2017100806,3166,4,11:20:00,4,8,PHI,38.0,SHOTGUN,"1 RB, 0 TE, 4 WR",6.0,6.0,"4 DL, 1 LB, 6 DB",31,7,31,7,False,6.0,C,0.0,6,(11:20) (Shotgun) C.Palmer pass short left to Ja.Brown to PHI 32 for 6 yards (P.Robinson).,0.0
10714,2017100810,184,1,11:04:00,4,1,GB,20.0,SINGLEBACK,"1 RB, 3 TE, 1 WR",9.0,,"4 DL, 4 LB, 3 DB",0,0,0,0,False,,,,2,(11:04) E.Elliott up the middle to GB 18 for 2 yards (J.Ryan).,1.0
10755,2017100810,1141,2,08:22:00,4,1,GB,22.0,SINGLEBACK,"1 RB, 3 TE, 1 WR",8.0,,"4 DL, 4 LB, 3 DB",14,6,14,6,False,,,,2,(8:22) D.Prescott up the middle to GB 20 for 2 yards (K.Clark; B.Martinez).,1.0
10805,2017100810,2425,3,04:43:00,4,1,GB,48.0,SINGLEBACK,"1 RB, 1 TE, 3 WR",7.0,,"4 DL, 2 LB, 5 DB",21,15,21,15,False,,,,10,(4:43) A.Jones left end pushed ob at DAL 42 for 10 yards (J.Heath).,1.0
10846,2017100810,3512,4,02:16:00,4,1,GB,20.0,JUMBO,"1 RB, 3 TE, 1 WR",9.0,,"4 DL, 4 LB, 3 DB",24,28,24,28,False,,,,1,"(2:16) E.Elliott up the middle to GB 20 for no gain (B.Martinez). Dallas challenged the short of the line to gain ruling, and the play was REVERSED. E.Elliott up the middle to GB 19 for 1 yard (B.Martinez).",1.0
11009,2017100113,4010,4,02:28:00,4,3,IND,27.0,EMPTY,"1 RB, 2 TE, 2 WR",5.0,5.0,"3 DL, 4 LB, 4 DB",39,18,45,18,False,27.0,C,0.0,27,"(2:28) (Shotgun) R.Wilson pass deep right to J.McKissic for 27 yards, TOUCHDOWN.",1.0
11120,2017100110,2738,3,05:38:00,4,1,LAC,42.0,SINGLEBACK,"1 RB, 1 TE, 3 WR",7.0,,"4 DL, 2 LB, 5 DB",10,16,10,16,False,,,,1,(5:38) C.Wentz up the middle to LAC 41 for 1 yard (D.Square).,1.0
11637,2017100808,4252,4,00:08:00,4,10,SEA,20.0,EMPTY,"0 RB, 1 TE, 4 WR",5.0,4.0,"4 DL, 2 LB, 5 DB",10,16,10,16,False,20.0,I,,0,(:08) (Shotgun) J.Goff pass incomplete deep middle to C.Kupp.,0.0
11658,2017100200,463,1,06:52:00,4,1,KC,29.0,JUMBO,"6 OL, 1 RB, 3 TE, 0 WR",8.0,,"3 DL, 4 LB, 4 DB",0,7,0,7,False,,,,5,(6:52) K.Cousins up the middle to KC 24 for 5 yards (T.Mitchell).,1.0
11908,2017101511,3066,4,15:00:00,4,5,NYG,45.0,SHOTGUN,"1 RB, 1 TE, 3 WR",7.0,6.0,"4 DL, 2 LB, 5 DB",3,20,3,20,False,3.0,C,3.0,6,"(15:00) (Shotgun) T.Siemian pass short right to D. Thomas to NYG 39 for 6 yards (J.Jenkins). FUMBLES (J.Jenkins), RECOVERED by NYG-E.Apple at NYG 39. E.Apple to NYG 39 for no gain (B.Turner).",1.0
11923,2017101511,3483,4,08:30:00,4,1,NYG,1.0,JUMBO,"6 OL, 2 RB, 2 TE, 0 WR",10.0,,"6 DL, 2 LB, 3 DB",3,20,3,20,False,,,,0,"(8:30) A.Barbre reported in as eligible.  C.Anderson right guard to NYG 1 for no gain (J.Jenkins). Denver challenged the short of the line to gain ruling, and the play was Upheld. The ruling on the field stands. (Timeout #1 at 08:23.)",0.0
12045,2017101509,2671,4,12:54:00,4,2,PIT,4.0,EMPTY,"0 RB, 3 TE, 2 WR",5.0,3.0,"3 DL, 4 LB, 4 DB",3,12,3,12,False,4.0,I,,0,(12:54) (Shotgun) A.Smith pass incomplete short middle to D.Harris (S.Davis).,0.0
12086,2017101509,3653,4,00:58:00,4,18,PIT,48.0,SHOTGUN,"1 RB, 1 TE, 3 WR",4.0,4.0,"2 DL, 3 LB, 6 DB",13,19,13,19,False,28.0,I,,0,(:58) (Shotgun) A.Smith pass incomplete deep middle to D.Thomas [C.Heyward].,0.0
12172,2017101506,2395,2,00:03:00,4,1,WAS,1.0,JUMBO,"6 OL, 1 RB, 3 TE, 0 WR",10.0,,"4 DL, 4 LB, 3 DB",17,0,17,6,False,,,,1,"(:03) G.Gilliam reported in as eligible.  C.Hyde left tackle for 1 yard, TOUCHDOWN.",1.0
12259,2017101506,4727,4,00:09:00,4,20,,,SHOTGUN,"1 RB, 1 TE, 3 WR",4.0,4.0,"2 DL, 4 LB, 5 DB",26,24,26,24,False,18.0,IN,,0,(:09) (Shotgun) C.Beathard pass deep right intended for G.Kittle INTERCEPTED by K.Fuller at WAS 32. K.Fuller pushed ob at WAS 35 for 3 yards (T.Taylor).,0.0
12308,2017101500,1178,2,07:57:00,4,3,ATL,39.0,SHOTGUN,"1 RB, 1 TE, 3 WR",6.0,4.0,"3 DL, 3 LB, 5 DB",10,0,10,0,False,3.0,I,,0,(7:57) (Shotgun) J.Cutler pass incomplete short right to J.Landry (D.Poe).,0.0
12344,2017101500,2128,3,07:53:00,4,1,ATL,17.0,SHOTGUN,"1 RB, 1 TE, 3 WR",7.0,4.0,"3 DL, 3 LB, 5 DB",17,0,17,0,False,2.0,C,1.0,3,(7:53) (Shotgun) J.Cutler pass short right to D.Williams to ATL 14 for 3 yards (R.Allen).,1.0
12372,2017101500,2867,4,10:09:00,4,2,ATL,44.0,SHOTGUN,"1 RB, 1 TE, 3 WR",7.0,4.0,"3 DL, 3 LB, 5 DB",17,14,17,14,False,9.0,C,0.0,9,(10:09) (Shotgun) J.Cutler pass short middle to J.Landry to ATL 35 for 9 yards (R.Allen).,1.0
12488,2017101508,2095,2,00:09:00,4,6,LA,45.0,SHOTGUN,"1 RB, 1 TE, 3 WR",6.0,4.0,"2 DL, 4 LB, 5 DB",14,24,14,24,False,4.0,C,5.0,9,(:09) (Shotgun) B.Bortles pass short middle to J.O'Shaughnessy to LA 36 for 9 yards (N.Robey).,1.0
12781,2017101504,1734,2,03:33:00,4,1,DET,41.0,I_FORM,"2 RB, 2 TE, 1 WR",9.0,,"5 DL, 3 LB, 3 DB",24,10,24,10,False,,,,6,"(3:33) A.Kamara right end to DET 35 for 6 yards (T.Whitehead). Brees handed off to #42 Z.Line, who then lateralled to #41 A.Kamara.",1.0
12800,2017101504,2350,2,00:16:00,4,5,NO,5.0,SHOTGUN,"1 RB, 2 TE, 2 WR",6.0,3.0,"4 DL, 2 LB, 5 DB",31,10,31,10,False,2.0,C,2.0,4,"(:16) (Shotgun) M.Stafford pass short left to D.Fells to NO 1 for 4 yards (M.Lattimore; K.Vaccaro). Pass 2, YAC 2",0.0
12968,2017101507,1770,2,01:23:00,4,4,ARI,39.0,SHOTGUN,"1 RB, 1 TE, 3 WR",6.0,5.0,"2 DL, 4 LB, 5 DB",24,0,24,0,False,21.0,C,0.0,21,(1:23) (Shotgun) R.Fitzpatrick pass deep right to C.Brate to ARZ 18 for 21 yards (T.Branch).,1.0
12973,2017101507,1917,2,00:11:00,4,5,ARI,5.0,SHOTGUN,"1 RB, 1 TE, 3 WR",8.0,7.0,"2 DL, 4 LB, 5 DB",24,0,24,0,False,5.0,I,,0,(:11) (Shotgun) R.Fitzpatrick pass incomplete short middle to M.Evans (P.Peterson).,0.0
13041,2017101507,3871,4,03:06:00,4,1,ARI,1.0,JUMBO,"6 OL, 1 RB, 3 TE, 0 WR",11.0,,"5 DL, 4 LB, 2 DB",38,20,38,26,False,,,,1,"(3:06) C.Benenoch reported in as eligible.  D.Martin up the middle for 1 yard, TOUCHDOWN.",1.0
13047,2017101507,4089,4,02:38:00,4,2,TB,35.0,SHOTGUN,"1 RB, 0 TE, 4 WR",6.0,6.0,"3 DL, 3 LB, 5 DB",38,26,38,26,False,4.0,I,,0,(2:38) (Shotgun) C.Palmer pass incomplete short right to J.Brown (J.Evans).,0.0
13330,2017101505,3065,3,04:49:00,4,1,NE,34.0,I_FORM,"1 RB, 2 TE, 1 WR,1 DL",8.0,7.0,"4 DL, 3 LB, 4 DB",14,21,14,21,False,6.0,IN,,0,(4:49) J.McCown pass short left intended for E.Tomlinson INTERCEPTED by D.McCourty at NE 28. D.McCourty to NE 28 for no gain (E.Tomlinson).,0.0
13374,2017101505,4318,4,01:12:00,4,12,NYJ,25.0,SHOTGUN,"1 RB, 1 TE, 3 WR",6.0,4.0,"2 DL, 2 LB, 7 DB",17,24,17,24,False,17.0,C,15.0,32,(1:12) (Shotgun) J.McCown pass deep middle to R.Anderson to NE 43 for 32 yards (D.Harmon).,1.0
13378,2017101505,4405,4,00:20:00,4,16,NE,49.0,SHOTGUN,"1 RB, 1 TE, 3 WR",4.0,3.0,"2 DL, 2 LB, 7 DB",17,24,17,24,False,34.0,I,,0,(:20) (Shotgun) J.McCown pass incomplete deep right to J.Kerley. NYJ-R.Anderson was injured during the play.,0.0
13460,2017101503,2437,2,00:04:00,4,30,,,SHOTGUN,"1 RB, 1 TE, 3 WR",3.0,5.0,"1 DL, 3 LB, 7 DB",14,10,14,10,False,50.0,I,,0,(:04) (Shotgun) C.Keenum pass incomplete deep right to A.Thielen (J.Jones).,0.0
13516,2017101503,3811,4,06:47:00,4,4,GB,40.0,EMPTY,"1 RB, 1 TE, 3 WR",6.0,4.0,"4 DL, 2 LB, 5 DB",23,10,23,10,False,4.0,C,0.0,4,(6:47) (Shotgun) B.Hundley pass short left to J.Nelson pushed ob at GB 44 for 4 yards (H.Smith).,1.0
13521,2017101503,3930,4,05:37:00,4,10,MIN,45.0,SHOTGUN,"1 RB, 1 TE, 3 WR",6.0,4.0,"4 DL, 2 LB, 5 DB",23,10,23,10,False,,S,,-6,(5:37) (Shotgun) B.Hundley sacked at GB 49 for -6 yards (E.Griffen).,0.0
13532,2017101503,4198,4,01:18:00,4,4,GB,37.0,SHOTGUN,"1 RB, 1 TE, 3 WR",6.0,4.0,"4 DL, 2 LB, 5 DB",23,10,23,10,False,5.0,C,0.0,5,(1:18) (Shotgun) B.Hundley pass short right to D.Adams pushed ob at GB 42 for 5 yards (X.Rhodes).,1.0
13573,2017101510,766,1,01:00:00,4,3,OAK,34.0,SHOTGUN,"1 RB, 1 TE, 3 WR",6.0,4.0,"3 DL, 3 LB, 5 DB",7,0,7,0,False,9.0,I,,0,(1:00) (Shotgun) P.Rivers pass incomplete short right to K.Allen (T.Carrie).,0.0
13603,2017101510,1543,2,01:47:00,4,1,OAK,1.0,JUMBO,"6 OL, 2 RB, 2 TE, 0 WR",11.0,,"5 DL, 4 LB, 2 DB",7,0,7,6,False,,,,1,"(1:47) M.Gordon left tackle for 1 yard, TOUCHDOWN.",1.0
13644,2017101510,2673,4,15:00:00,4,2,LAC,41.0,EMPTY,"1 RB, 1 TE, 3 WR",4.0,4.0,"4 DL, 1 LB, 6 DB",10,7,10,7,False,3.0,I,,0,(15:00) (Shotgun) D.Carr pass incomplete short left to M.Crabtree.,0.0
13747,2017101200,1621,2,04:26:00,4,1,CAR,3.0,SINGLEBACK,"1 RB, 1 TE, 3 WR",9.0,,"4 DL, 3 LB, 4 DB",10,3,10,3,False,,,,2,(4:26) C.Wentz up the middle to CAR 1 for 2 yards (Ch.Johnson; S.Lotulelei).,1.0
13764,2017101200,2119,2,00:05:00,4,12,PHI,40.0,SHOTGUN,"1 RB, 1 TE, 3 WR",4.0,6.0,"3 DL, 1 LB, 6 DB, 1 WR",10,10,10,10,False,18.0,I,,0,(:05) (Shotgun) C.Newton pass incomplete deep middle to E.Dickson (C.Graham).,0.0
13839,2017101200,3996,4,03:33:00,4,2,PHI,45.0,EMPTY,"1 RB, 1 TE, 3 WR",7.0,5.0,"4 DL, 2 LB, 5 DB",23,28,23,28,False,2.0,C,2.0,4,(3:33) (Shotgun) C.Newton pass short left to C.McCaffrey pushed ob at PHI 41 for 4 yards (M.Kendricks).,1.0
13851,2017101200,4297,4,01:22:00,4,1,PHI,48.0,SHOTGUN,"1 RB, 1 TE, 3 WR",7.0,5.0,"4 DL, 2 LB, 5 DB",23,28,23,28,False,8.0,I,,0,(1:22) (Shotgun) C.Newton pass incomplete short left to C.McCaffrey.,0.0
13966,2017101600,2803,4,15:00:00,4,1,IND,43.0,I_FORM,"6 OL, 2 RB, 1 TE, 1 WR",9.0,,"4 DL, 4 LB, 3 DB",15,19,15,19,False,,,,1,(15:00) M.Mariota up the middle to IND 42 for 1 yard (A.Woods).,1.0
13999,2017101600,3636,4,02:26:00,4,1,TEN,13.0,I_FORM,"6 OL, 1 RB, 2 TE, 1 WR",10.0,4.0,"3 DL, 4 LB, 4 DB",29,22,29,22,False,,S,,0,"(2:26) J.Brissett sacked at TEN 13 for 0 yards (W.Woodyard). Indianapolis challenged the short of the line to gain ruling, and the play was Upheld. The ruling on the field stands. (Timeout #1 at 02:19.)",0.0
14148,2017101501,3594,4,06:31:00,4,1,CHI,32.0,I_FORM,"2 RB, 2 TE, 1 WR",9.0,,"4 DL, 3 LB, 4 DB",13,17,13,17,False,,,,2,(6:31) J.Allen left guard to CHI 30 for 2 yards (E.Jackson).,1.0
